<beans xmlns="http://www.springframework.org/schema/beans"
	xmlns:xsi="http://www.w3.org/2001/XMLSchema-instance"
	xmlns:context="http://www.springframework.org/schema/context"
	xsi:schemaLocation="http://www.springframework.org/schema/beans
	http://www.springframework.org/schema/beans/spring-beans-3.0.xsd
	http://www.springframework.org/schema/context
	http://www.springframework.org/schema/context/spring-context-3.0.xsd">
	
	<!--  enable annotation -->
	<context:annotation-config></context:annotation-config>
	<context:component-scan base-package="com.virtusa.corespringannotations.*"></context:component-scan>
	
	<bean id="transaction" class="com.virtusa.corespringannotations.models.Transaction">
	<property name="transcationId" value="765432"></property>
	<!-- <property name="dot" ref="dot"></property> --><!-- 
	<property name="account" ref="account"></property>  -->
	</bean>
	
	<bean id="dot" class="java.util.Date">
	<constructor-arg index="0" value="119"></constructor-arg>
	<constructor-arg index="1" value="8"></constructor-arg>
	<constructor-arg index="2" value="9"></constructor-arg>
	</bean>
	
	<bean id="account" class="com.virtusa.corespringannotations.models.Account">
	<constructor-arg index="0" value="09876544"></constructor-arg>
	<constructor-arg index="1" value="Savings"> </constructor-arg>
	<constructor-arg index="2" value="Scott"></constructor-arg>
	</bean>
	
</beans>