<?xml version="1.0" encoding="UTF-8"?>
<beans xmlns="http://www.springframework.org/schema/beans"
	xmlns:xsi="http://www.w3.org/2001/XMLSchema-instance"
	xmlns:context="http://www.springframework.org/schema/context"
	xsi:schemaLocation="http://www.springframework.org/schema/beans
	http://www.springframework.org/schema/beans/spring-beans-3.0.xsd
	http://www.springframework.org/schema/context
	http://www.springframework.org/schema/context/spring-context-3.0.xsd">
	
	<bean id="customer" class="com.virtusa.corespringapp.models.Customer" parent="person" scope="prototype">
	<property name="customerId" value="89786"></property>
	<property name="doj" ref="date"></property>
	<property name="assets">
	<list>
	<value>House</value>
	<value>Bike</value>
	<value>Car</value>
	<value>Company</value>
	</list>
	</property>
	</bean>
	
	<bean id="permanentAddress" class="com.virtusa.corespringapp.models.Address">
	<property name="doorNo" value="123"></property>
	<property name="StreetName" value="william street"></property>
	<property name="city" value="tricy"></property>
	<property name="state" value="Tamil Nadu"></property>
	</bean>
	
	<bean id="communicationAddress" class="com.virtusa.corespringapp.models.Address">
	<property name="doorNo" value="431"></property>
	<property name="StreetName" value="fort street"></property>
	<property name="city" value="chennai"></property>
	<property name="state" value="Tamil Nadu"></property>
	</bean>
	
	<bean id="person" class="com.virtusa.corespringapp.models.Person">
	<property name="name" value="Scott"></property>
	<property name="email" value="scotty@hello.com"></property>
	<property name="mobileNo" value="9876543210"></property>
	<property name="permanentAddress" ref="permanentAddress"></property>
	<property name="communicationAddress" ref="communicationAddress"></property>
	</bean>
	
	<bean id="date" class="java.util.Date">
	<constructor-arg index="0" value="119"></constructor-arg>
	<constructor-arg index="1" value="8"></constructor-arg>
	<constructor-arg index="2" value="9"></constructor-arg>
	</bean>
</beans>